name,slug,category,tvl_usd,change_1d,change_7d,change_1m,chains_count,chain,collected_date
Binance CEX,binance-cex,CEX,183986914537.16586,-2.064082221428407,-3.312816960891709,0,30,Aptos,2025-08-22
OKX,okx,CEX,28084176876.381107,-1.9269063788699015,-3.20023525792449,0,19,Aptos,2025-08-22
Bitfinex,bitfinex,CEX,27415796297.10329,-0.8430465031471641,-1.8029144163350708,0,20,Aptos,2025-08-22
Bybit,bybit,CEX,23911535342.02556,1.1643398239973521,-0.9714634599277048,0,33,Aptos,2025-08-22
Gate,gate,CEX,8583488495.768843,-1.6106817411610308,-2.798134337635503,0,119,Aptos,2025-08-22
KuCoin,kucoin,CEX,5072438875.502863,-1.3477571915566529,-4.85572577142203,0,22,Aptos,2025-08-22
MEXC,mexc,CEX,4063210424.4279613,-0.6345431718444416,-0.46034993713163885,0,13,Aptos,2025-08-22
Portal,portal,Bridge,2810169203.273112,-2.7501150291220426,-6.1509824547114675,0,24,Aptos,2025-08-22
BlackRock BUIDL,blackrock-buidl,RWA,2376288260.3138537,0.011191131231086615,0.07868641298982482,0,6,Aptos,2025-08-22
HashKey Exchange,hashkey-exchange,CEX,1546359502.8377266,0.5825741428711524,0.9424706965079679,0,13,Aptos,2025-08-22
PancakeSwap AMM,pancakeswap-amm,Dexs,1521641592.0718222,-2.0551537571158036,-0.08433863878188674,0,9,Aptos,2025-08-22
Bitkub,bitkub,CEX,1396824560.5000296,-1.6387068840250834,-6.1169164340627304,0,21,Aptos,2025-08-22
Ondo Finance,ondo-finance,RWA,1394668594.02481,1.6058912119972177,0.7247714748179135,0,9,Aptos,2025-08-22
Franklin Templeton,franklin-templeton,RWA,761338303.9416548,11.076486922307296,9.960283428700876,0,7,Aptos,2025-08-22
Echo Lending,echo-lending,Lending,251830892.7120736,-1.7568244466028915,-5.426931001571319,0,1,Aptos,2025-08-22
Aries Markets,aries-markets,Lending,202382455.11054447,1.042777564985414,-1.3303875548962054,0,1,Aptos,2025-08-22
BloFin,blofin,CEX,154869962.70582741,0.0456448914301717,-3.805950536352128,0,18,Aptos,2025-08-22
Echelon Market,echelon-market,Lending,152980114.04339093,0.4757406296411517,-1.0941326861155858,0,2,Aptos,2025-08-22
Amnis Finance,amnis-finance,Liquid Staking,152358788.0098108,-1.3282809451563509,-7.326974730701181,0,1,Aptos,2025-08-22
TruStake,trustake,Liquid Staking,130286094.66207632,-2.792058790398528,-6.501899432213293,0,5,Aptos,2025-08-22
Libre Capital,libre-capital,RWA,118922705.10641517,0.001300278259549259,0.0401821248585037,0,13,Aptos,2025-08-22
Flipster,flipster,CEX,113018093.94172296,-1.1972909824458924,-7.855542187974066,0,21,Aptos,2025-08-22
Apollo Diversified Credit Securitize Fund,apollo-diversified-credit-securitize-fund,RWA,110456692.58017206,0.062027635697361916,0.019771696733172917,0,6,Aptos,2025-08-22
Hyperion,hyperion,Dexs,103937948.29487929,-1.0656260393818968,-4.0654048899456825,0,1,Aptos,2025-08-22
Cetus AMM,cetus-amm,Dexs,95200655.334425,-3.397216199773027,-8.051857801437592,0,2,Aptos,2025-08-22
Thala LSD,thala-lsd,Liquid Staking,50752526.7279179,-4.57054067888761,-8.013505114343758,0,1,Aptos,2025-08-22
ThalaSwap V2,thalaswap-v2,Dexs,49100077.275681555,-0.3437540104421828,3.6263351314124606,0,1,Aptos,2025-08-22
Poly Network,poly-network,Bridge,44728247.74000001,,,0,31,Aptos,2025-08-22
Echo Strategy,echo-strategy,Yield Aggregator,38719119.15316042,-1.7587785724916216,-5.373245866430125,0,1,Aptos,2025-08-22
Kofi Finance,kofi-finance,Liquid Staking,27639542.16431969,-1.0084261082087664,-5.309298506098841,0,1,Aptos,2025-08-22
Cellana Finance,cellana-finance,Dexs,18983763.23094637,-1.3614860856734907,-6.2044924899329175,0,1,Aptos,2025-08-22
ThalaSwap,thalaswap,Dexs,15638166.249153366,-1.254820174262747,-0.517463696048793,0,1,Aptos,2025-08-22
Aptin Finance V2,aptin-finance-v2,Lending,14871796.318473369,-1.4610138219186268,-6.385043702789574,0,1,Aptos,2025-08-22
Superposition,superposition,Lending,14510982.717015313,-2.0665164179645217,-9.579825492059385,0,1,Aptos,2025-08-22
Mole,mole,Yield,13715981.093894873,0.9904893916755668,-3.9526478683268493,0,2,Aptos,2025-08-22
LiquidSwap,liquidswap,Dexs,9922659.46213418,-1.442518392229772,-5.879717986203474,0,1,Aptos,2025-08-22
Thala CDP,thala-cdp,CDP,9904592.663783176,-1.4245859153261904,-6.740598589320939,0,1,Aptos,2025-08-22
Meso Finance,meso-finance,Lending,8251728.8820794,-2.2936226358862797,-6.805756204179218,0,1,Aptos,2025-08-22
Tapp Exchange,tapp-exchange,Dexs,7543471.941899207,-0.145360018485988,-3.0688581512140445,0,1,Aptos,2025-08-22
Joule Finance,joule-finance,Lending,6700758.666573072,-1.4983291618447936,-11.917060979086585,0,1,Aptos,2025-08-22
Fastex,fastex,CEX,6224512.566142707,79.17854406466768,187.65457757161636,0,14,Aptos,2025-08-22
Merkle Trade,merkle-trade,Derivatives,4991619.717727865,-0.01471422436199532,-1.1843711868022666,0,1,Aptos,2025-08-22
Echo Liquid Staking,echo-liquid-staking,Liquid Staking,2935218.4884502986,-1.363284799497265,-6.775735210193503,0,1,Aptos,2025-08-22
Bridgers,bridgers,Dexs,2911758.760562769,62.866579616839914,13.795698719711694,0,16,Aptos,2025-08-22
Moar Market,moar-market,Leveraged Farming,1723353.8419008406,-0.9627314896766563,-0.4616216257378909,0,1,Aptos,2025-08-22
Auro Finance,auro-finance,CDP,1635413.732423925,0.6860661797158087,-13.248120549606739,0,1,Aptos,2025-08-22
Mirage Protocol,mirage-protocol,Derivatives,869430.3156343482,-1.338779476350453,-6.944813579246741,0,1,Aptos,2025-08-22
Earnium,earnium,Dexs,689746.9861240855,17.697092970816982,79.18144005951692,0,1,Aptos,2025-08-22
Streamflow,streamflow,Payments,542712.9715634348,-0.42229863018002334,-14.073292381792768,0,6,Aptos,2025-08-22
Emojicoin.fun,emojicoin.fun,Launchpad,463696.8397182791,-1.8336059125308566,-6.666532378039577,0,1,Aptos,2025-08-22
Sushi Aptos,sushi-aptos,Dexs,438716.98397158895,-0.5826024766394653,-3.2172284925098324,0,1,Aptos,2025-08-22
ABEL Finance,abel-finance,Lending,330885.68204095,24.896468612735603,-3.6618259040165526,0,1,Aptos,2025-08-22
Econia,econia,Dexs,246984.65788641002,0.0,-0.007880637672414537,0,1,Aptos,2025-08-22
Ditto,ditto,Liquid Staking,224814.88074447677,-1.3003861834760926,-6.589507997197927,0,1,Aptos,2025-08-22
MoneyFi,moneyfi,Yield Aggregator,143884.38616346839,4.49832115369037,2.3984943828879324,0,8,Aptos,2025-08-22
Tortuga,tortuga,Liquid Staking,81439.13258573881,-0.8449266110055333,-7.629077984604976,0,1,Aptos,2025-08-22
Argo,argo,CDP,76318.39033179944,-1.050667631498527,-6.201894037707234,0,1,Aptos,2025-08-22
Aptin Finance V1,aptin-finance-v1,Lending,50914.40839323837,-0.040025087003016324,-0.0810170505904324,0,1,Aptos,2025-08-22
Aptoswap,aptoswap,Dexs,46345.309298243905,-0.40825692076548137,-3.1130356724352453,0,1,Aptos,2025-08-22
TsunamiX,tsunamix,Derivatives,35779.49571600065,-88.81697789920129,-89.21710623371224,0,2,Aptos,2025-08-22
Thetis Perps,thetis-perps,Derivatives,34558.312792783625,-12.326071750383107,-24.47041644979096,0,1,Aptos,2025-08-22
AUX Exchange,aux-exchange,Dexs,28474.87910648335,-0.9553484022247716,-5.508387485273545,0,1,Aptos,2025-08-22
AnimeSwap,animeswap,Dexs,20272.060766867304,-1.3773428225604079,-4.52930260793751,0,2,Aptos,2025-08-22
BaptSwap V2.1,baptswap-v2.1,Dexs,19295.053863591573,-1.294084287664802,-9.046316806480732,0,1,Aptos,2025-08-22
AptosLaunch,aptoslaunch,Launchpad,12934.083959236032,-2.214720090518071,-7.152125539647372,0,1,Aptos,2025-08-22
HoustonSwap,houstonswap,Dexs,10256.066897925326,-0.2344436730602979,-1.4979541833366028,0,1,Aptos,2025-08-22
Obric,obric,Dexs,4912.759473387228,-1.1644991079019746,-4.290282903620906,0,1,Aptos,2025-08-22
Eternal Finance,eternal-finance,Yield,3845.6049479512744,,,0,1,Aptos,2025-08-22
MovePump,movepump,Launchpad,3242.6250985480006,-1.565995525727061,-6.194997728141601,0,1,Aptos,2025-08-22
AGDEX,agdex,Derivatives,1108.732709520985,-0.791187214758537,-16.540174461822033,0,1,Aptos,2025-08-22
BaptSwap V1,baptswap-v1,Dexs,684.919403287673,-0.7872763862782222,-5.588135649708846,0,1,Aptos,2025-08-22
Jujube Finance,jujube-finance,Dexs,139.87996521747002,-2.1522283038279824,-5.994632101830405,0,1,Aptos,2025-08-22
AtoDEX,atodex,Dexs,88.30632682726,,,0,1,Aptos,2025-08-22
BaptSwap V2,baptswap-v2,Dexs,86.45442796302001,-0.6341120649099992,-4.4414299081579856,0,1,Aptos,2025-08-22
MoveFlow,moveflow,Payments,73.44474536725902,41.768364192395126,311.02070923468074,0,2,Aptos,2025-08-22
BlueMove Staking,bluemove-staking,NFT Marketplace,0.0,,,0,1,Aptos,2025-08-22
Mosquitos Finance,mosquitos-finance,Yield,0.0,,,0,1,Aptos,2025-08-22
Thala veTHL,thala-vethl,Liquid Staking,0.0,,,0,1,Aptos,2025-08-22
MoveGPT,movegpt,Launchpad,0.0,,,0,1,Aptos,2025-08-22
